<?xml version="1.0" encoding="UTF-8"?>
<project-private xmlns="http://www.netbeans.org/ns/project-private/1">
    <editor-bookmarks xmlns="http://www.netbeans.org/ns/editor-bookmarks/2" lastBookmarkId="0"/>
    <open-files xmlns="http://www.netbeans.org/ns/projectui-open-files/2">
        <group>
            <file>file:/C:/Users/luis.junior/Documents/NetBeansProjects/CrudTrabalho/src/entidade/TesteCon.java</file>
            <file>file:/C:/Users/luis.junior/Documents/NetBeansProjects/CrudTrabalho/src/entidade/ManterJogador.java</file>
            <file>file:/C:/Users/luis.junior/Documents/NetBeansProjects/CrudTrabalho/src/visao/RelatorioTotal.java</file>
            <file>file:/C:/Users/luis.junior/Documents/NetBeansProjects/CrudTrabalho/src/controle/Jogos.java</file>
            <file>file:/C:/Users/luis.junior/Documents/NetBeansProjects/CrudTrabalho/src/visao/AlterarJogos.java</file>
            <file>file:/C:/Users/luis.junior/Documents/NetBeansProjects/CrudTrabalho/src/visao/RelatorioJogador.java</file>
            <file>file:/C:/Users/luis.junior/Documents/NetBeansProjects/CrudTrabalho/src/visao/AlterarJogador.java</file>
            <file>file:/C:/Users/luis.junior/Documents/NetBeansProjects/CrudTrabalho/src/visao/DeletarJogos.java</file>
            <file>file:/C:/Users/luis.junior/Documents/NetBeansProjects/CrudTrabalho/src/entidade/DAO.java</file>
            <file>file:/C:/Users/luis.junior/Documents/NetBeansProjects/CrudTrabalho/src/visao/CadastrarJogos.java</file>
            <file>file:/C:/Users/luis.junior/Documents/NetBeansProjects/CrudTrabalho/src/visao/CadastrarJogador.java</file>
            <file>file:/C:/Users/luis.junior/Documents/NetBeansProjects/CrudTrabalho/src/entidade/ManterJogos.java</file>
            <file>file:/C:/Users/luis.junior/Documents/NetBeansProjects/CrudTrabalho/src/visao/DeletarJogador.java</file>
            <file>file:/C:/Users/luis.junior/Documents/NetBeansProjects/CrudTrabalho/src/visao/RelatorioJogos.java</file>
            <file>file:/C:/Users/luis.junior/Documents/NetBeansProjects/CrudTrabalho/src/visao/AssociarJogos.java</file>
        </group>
    </open-files>
</project-private>
