<?xml version="1.0" encoding="UTF-8"?>
<project-private xmlns="http://www.netbeans.org/ns/project-private/1">
    <editor-bookmarks xmlns="http://www.netbeans.org/ns/editor-bookmarks/2" lastBookmarkId="0"/>
    <open-files xmlns="http://www.netbeans.org/ns/projectui-open-files/2">
        <group>
            <file>file:/C:/Users/junio/OneDrive/Documentos/NetBeansProjects/CrudJavaMat/src/entidade/DAO.java</file>
            <file>file:/C:/Users/junio/OneDrive/Documentos/NetBeansProjects/CrudJavaMat/src/visao/RelatorioAluno.java</file>
            <file>file:/C:/Users/junio/OneDrive/Documentos/NetBeansProjects/CrudJavaMat/src/entidade/ManterVendas.java</file>
            <file>file:/C:/Users/junio/OneDrive/Documentos/NetBeansProjects/CrudJavaMat/src/controle/Vendas.java</file>
            <file>file:/C:/Users/junio/OneDrive/Documentos/NetBeansProjects/CrudJavaMat/src/visao/FormDeletarAluno.java</file>
            <file>file:/C:/Users/junio/OneDrive/Documentos/NetBeansProjects/CrudJavaMat/src/visao/FormDeletar.java</file>
            <file>file:/C:/Users/junio/OneDrive/Documentos/NetBeansProjects/CrudJavaMat/src/entidade/ManterAluno.java</file>
            <file>file:/C:/Users/junio/OneDrive/Documentos/NetBeansProjects/CrudJavaMat/src/visao/CadastrarVendas.java</file>
            <file>file:/C:/Users/junio/OneDrive/Documentos/NetBeansProjects/CrudJavaMat/src/entidade/TesteCon.java</file>
            <file>file:/C:/Users/junio/OneDrive/Documentos/NetBeansProjects/CrudJavaMat/src/controle/Aluno.java</file>
            <file>file:/C:/Users/junio/OneDrive/Documentos/NetBeansProjects/CrudJavaMat/src/visao/formCadAluno.java</file>
        </group>
    </open-files>
</project-private>
