<?xml version="1.0" encoding="UTF-8"?>
<project-private xmlns="http://www.netbeans.org/ns/project-private/1">
    <editor-bookmarks xmlns="http://www.netbeans.org/ns/editor-bookmarks/2" lastBookmarkId="0"/>
    <open-files xmlns="http://www.netbeans.org/ns/projectui-open-files/2">
        <group>
            <file>file:/C:/Users/202211684/Documents/NetBeansProjects/Ativida1508/src/br/com/controle/Semestre.java</file>
            <file>file:/C:/Users/202211684/Documents/NetBeansProjects/Ativida1508/src/br/com/visao/Objeto.java</file>
        </group>
    </open-files>
</project-private>
